<?xml version="1.0"?>
<doc>
    <assembly>
        <name>CovidApi</name>
    </assembly>
    <members>
        <member name="M:CovidApi.Controllers.CovidBulkInsertController.Post(System.String,Microsoft.AspNetCore.Http.IFormFile)">
            <summary>
            This method is use to get all country list
            </summary>
            <param name=""></param>
            <returns></returns>
        </member>
        <member name="M:CovidApi.Controllers.CovidBulkInsertController.Post(System.String,System.String,Microsoft.AspNetCore.Http.IFormFile)">
            <summary>
            This method is use to get all country list
            </summary>
            <param name=""></param>
            <returns></returns>
        </member>
        <member name="M:CovidApi.Controllers.CovidBulkInsertController.Get">
            <summary>
            This method will load all covid data
            </summary>
            <param name=""></param>
            <returns></returns>
        </member>
        <member name="M:CovidApi.Controllers.CovidBulkInsertController.GetApiData">
            <summary>
            This method will load all covid data
            </summary>
            <param name=""></param>
            <returns></returns>
        </member>
        <member name="M:CovidApi.Controllers.CovidCasesController.Get">
            <summary>
            This method is use to get all cases with country names
            </summary>
            <param name=""></param>
            <returns></returns>
        </member>
        <member name="M:CovidApi.Controllers.StateCovidCaseController.Get(System.Int32)">
            <summary>
            This method is use to get all country list
            </summary>
            <param name=""></param>
            <returns></returns>
        </member>
        <member name="M:CovidApi.Mapper.MapStgCases.ToModelList(System.Collections.Generic.List{Covid.Infra.Model.CountryCaseDetail})">
            <summary>
            This method is used to convert json data list to StgCases list
            </summary>
            <param name="entities"></param>
            <returns></returns>
        </member>
        <member name="M:CovidApi.Mapper.MapStgCases.ToModelStgCases(Covid.Infra.Model.CountryCaseDetail)">
            <summary>
            This method is used to convert json Model to StgCases model
            </summary>
            <param name="entities"></param>
            <returns></returns>
        </member>
    </members>
</doc>
