<?xml version="1.0"?>
<doc>
    <assembly>
        <name>CovidApi</name>
    </assembly>
    <members>
        <member name="M:CovidApi.Controllers.CovidCasesController.Get">
            <summary>
            This method is use to get all cases with country names
            </summary>
            <param name=""></param>
            <returns></returns>
        </member>
        <member name="M:CovidApi.Controllers.CovidCasesController.Get(System.Int32,System.String)">
            <summary>
            This method is use to get country case details with country name or countryid
            </summary>
            <param name="countryId"></param>
            <param name="countryName"></param>
            <returns></returns>
        </member>
        <member name="M:CovidApi.Controllers.CovidCasesController.Post(System.String,Microsoft.AspNetCore.Http.IFormFile)">
            <summary>
            This method is use to get all country list
            </summary>
            <param name=""></param>
            <returns></returns>
        </member>
        <member name="M:CovidApi.Controllers.LocationController.Get">
            <summary>
            This method is use to get all country list
            </summary>
            <param name=""></param>
            <returns></returns>
        </member>
        <member name="M:CovidApi.Controllers.LocationController.GetContinents">
            <summary>
            This method is use to get all country list
            </summary>
            <param name=""></param>
            <returns></returns>
        </member>
    </members>
</doc>
